[{"id":"user-image-37663.png","publicUrl":"np://user.desktop.nicepage.com/Site_195771735/images/37663.png","size":1945,"hash":"++jahOOKaGvWvX2Oz6EjDj3jMe4=","fileName":"37663.png","name":"37663","width":128,"height":128,"thumbnail":{"url":"np://user.desktop.nicepage.com/Site_195771735/images/thumbnails/37663.png","width":128,"height":128,"length":1945,"type":"png"},"folderId":null,"usages":["51316230"]},{"id":"user-image-666201.png","publicUrl":"np://user.desktop.nicepage.com/Site_195771735/images/666201.png","size":2825,"hash":"D1teH0IS2oF3qOF+TeWe1f9XIAM=","fileName":"666201.png","name":"666201","width":128,"height":128,"thumbnail":{"url":"np://user.desktop.nicepage.com/Site_195771735/images/thumbnails/666201.png","width":128,"height":128,"length":2825,"type":"png"},"folderId":null,"usages":["51316230"]},{"id":"user-image-483947.png","publicUrl":"np://user.desktop.nicepage.com/Site_195771735/images/483947.png","size":2464,"hash":"+1Gr7wStJvfAbSnlF3W6RX6RDuA=","fileName":"483947.png","name":"483947","width":128,"height":128,"thumbnail":{"url":"np://user.desktop.nicepage.com/Site_195771735/images/thumbnails/483947.png","width":128,"height":128,"length":2464,"type":"png"},"folderId":null,"usages":["51316230"]},{"id":"user-image-2089136.png","publicUrl":"np://user.desktop.nicepage.com/Site_195771735/images/2089136.png","size":3528,"hash":"6RhIwWfJB3QuVoJkjyAEFiUjTAM=","fileName":"2089136.png","name":"2089136","width":128,"height":128,"thumbnail":{"url":"np://user.desktop.nicepage.com/Site_195771735/images/thumbnails/2089136.png","width":128,"height":128,"length":3528,"type":"png"},"folderId":null,"usages":["51316230"]},{"id":"user-image-DALLE2024-01-0917.57.14-Ahighlydetailedandrealisticviewofthebookpackingprocess.Theimageshowcasesapersonshandscarefullywrappingabookinprotectivepackagi.png","publicUrl":"np://user.desktop.nicepage.com/Site_195771735/images/DALLE2024-01-0917.57.14-Ahighlydetailedandrealisticviewofthebookpackingprocess.Theimageshowcasesapersonshandscarefullywrappingabookinprotectivepackagi.png","size":1910101,"hash":"S7kk1WU8zWaWLLSZWsDv4Bu1y8s=","fileName":"DALLE2024-01-0917.57.14-Ahighlydetailedandrealisticviewofthebookpackingprocess.Theimageshowcasesapersonshandscarefullywrappingabookinprotectivepackagi.png","name":"DALLE2024-01-0917.57.14-Ahighlydetailedandrealisticviewofthebookpackingprocess.Theimageshowcasesapersonshandscarefullywrappingabookinprotectivepackagi","width":1024,"height":1024,"thumbnail":{"url":"np://user.desktop.nicepage.com/Site_195771735/images/thumbnails/DALLE2024-01-0917.57.14-Ahighlydetailedandrealisticviewofthebookpackingprocess.Theimageshowcasesapersonshandscarefullywrappingabookinprotectivepackagi.png","width":250,"height":250},"folderId":null,"usages":["51316230"]},{"id":"user-image-DALLE2024-01-0917.51.51-Ahighlyrealisticanddetailedviewoftheprintingprocessinbookmaking.Thescenecapturesatraditionalprintingpressinactionwithintricate.png","publicUrl":"np://user.desktop.nicepage.com/Site_195771735/images/DALLE2024-01-0917.51.51-Ahighlyrealisticanddetailedviewoftheprintingprocessinbookmaking.Thescenecapturesatraditionalprintingpressinactionwithintricate.png","size":2180014,"hash":"JGBRDEvg6oKtFHWtHu4XdlXjRkA=","fileName":"DALLE2024-01-0917.51.51-Ahighlyrealisticanddetailedviewoftheprintingprocessinbookmaking.Thescenecapturesatraditionalprintingpressinactionwithintricate.png","name":"DALLE2024-01-0917.51.51-Ahighlyrealisticanddetailedviewoftheprintingprocessinbookmaking.Thescenecapturesatraditionalprintingpressinactionwithintricate","width":1024,"height":1024,"thumbnail":{"url":"np://user.desktop.nicepage.com/Site_195771735/images/thumbnails/DALLE2024-01-0917.51.51-Ahighlyrealisticanddetailedviewoftheprintingprocessinbookmaking.Thescenecapturesatraditionalprintingpressinactionwithintricate.png","width":250,"height":250},"folderId":null,"usages":["51316230"]},{"id":"user-image-DALLE2024-01-0917.53.30-TheconceptofNhradnPlnnorAlternativePerformanceinacorporatesettingdepictedinanartisticandsymbolicway.Theimageshowstwob.png","publicUrl":"np://user.desktop.nicepage.com/Site_195771735/images/DALLE2024-01-0917.53.30-TheconceptofNhradnPlnnorAlternativePerformanceinacorporatesettingdepictedinanartisticandsymbolicway.Theimageshowstwob.png","size":1675880,"hash":"OaE6D+z43JEahgCkNt4lBtRD9pM=","fileName":"DALLE2024-01-0917.53.30-TheconceptofNhradnPlnnorAlternativePerformanceinacorporatesettingdepictedinanartisticandsymbolicway.Theimageshowstwob.png","name":"DALLE2024-01-0917.53.30-TheconceptofNhradnPlnnorAlternativePerformanceinacorporatesettingdepictedinanartisticandsymbolicway.Theimageshowstwob","width":1024,"height":1024,"thumbnail":{"url":"np://user.desktop.nicepage.com/Site_195771735/images/thumbnails/DALLE2024-01-0917.53.30-TheconceptofNhradnPlnnorAlternativePerformanceinacorporatesettingdepictedinanartisticandsymbolicway.Theimageshowstwob.png","width":250,"height":250},"folderId":null,"usages":["51316230"]},{"id":"user-image-DALLE2024-01-0917.50.23-Ahighlyrealisticanddetaileddepictionofthebookmakingprocess.Theimagefocusesonabookbindersworkspacewithaclose-upviewofhandsskil.png","publicUrl":"np://user.desktop.nicepage.com/Site_195771735/images/DALLE2024-01-0917.50.23-Ahighlyrealisticanddetaileddepictionofthebookmakingprocess.Theimagefocusesonabookbindersworkspacewithaclose-upviewofhandsskil.png","size":2135183,"hash":"2ySYg94Rl6xy5u59a9OLHoXONg4=","fileName":"DALLE2024-01-0917.50.23-Ahighlyrealisticanddetaileddepictionofthebookmakingprocess.Theimagefocusesonabookbindersworkspacewithaclose-upviewofhandsskil.png","name":"DALLE2024-01-0917.50.23-Ahighlyrealisticanddetaileddepictionofthebookmakingprocess.Theimagefocusesonabookbindersworkspacewithaclose-upviewofhandsskil","width":1024,"height":1024,"thumbnail":{"url":"np://user.desktop.nicepage.com/Site_195771735/images/thumbnails/DALLE2024-01-0917.50.23-Ahighlyrealisticanddetaileddepictionofthebookmakingprocess.Theimagefocusesonabookbindersworkspacewithaclose-upviewofhandsskil.png","width":250,"height":250},"folderId":null,"usages":["51316230"]},{"id":"user-image-stavin-logo-1.png","publicUrl":"np://user.desktop.nicepage.com/Site_195771735/images/stavin-logo-1.png","size":27471,"fileName":"stavin-logo-1.png","name":"stavin-logo-1","width":600,"height":600,"thumbnail":{"url":"np://user.desktop.nicepage.com/Site_195771735/images/thumbnails/stavin-logo-1.png","width":250,"height":250},"usages":[]}]