[{"id":810516933,"title":"Blog Template","order":1,"templateKey":"blog","customTemplate":false,"customTemplateFilename":null,"pageLinks":[],"dateCreated":"2023-11-12T17:16:49.957Z","dateUpdated":"2023-11-12T17:16:51.832Z","folderId":null,"pageName":"Blog Template","serverPageId":null,"sectionCount":1,"status":2,"backwardUrl":null},{"id":397515873,"title":"Post Template","order":2,"templateKey":"post","customTemplate":false,"customTemplateFilename":null,"pageLinks":[],"dateCreated":"2023-11-12T17:16:50.116Z","dateUpdated":"2023-11-12T17:16:51.832Z","folderId":null,"pageName":"Post Template","serverPageId":null,"sectionCount":1,"status":2,"backwardUrl":null},{"id":90495683,"title":"Product List Template","order":3,"templateKey":"products","customTemplate":false,"customTemplateFilename":null,"pageLinks":[],"dateCreated":"2023-11-12T17:16:50.262Z","dateUpdated":"2023-11-12T17:16:51.832Z","folderId":null,"pageName":"Product List Template","serverPageId":null,"sectionCount":1,"status":2,"backwardUrl":null},{"id":72796099,"title":"Product Details Template","order":4,"templateKey":"product","customTemplate":false,"customTemplateFilename":null,"pageLinks":[],"dateCreated":"2023-11-12T17:16:50.433Z","dateUpdated":"2023-11-12T17:16:51.832Z","folderId":null,"pageName":"Product Details Template","serverPageId":null,"sectionCount":1,"status":2,"backwardUrl":null},{"id":265884970,"title":"Shopping Cart Template","order":5,"templateKey":"cart","customTemplate":false,"customTemplateFilename":null,"pageLinks":[],"dateCreated":"2023-11-12T17:16:50.581Z","dateUpdated":"2023-11-12T17:16:51.832Z","folderId":null,"pageName":"Shopping Cart Template","serverPageId":null,"sectionCount":1,"status":2,"backwardUrl":null},{"id":46659240,"title":"Checkout Template","order":6,"templateKey":"checkout","customTemplate":false,"customTemplateFilename":null,"pageLinks":[],"dateCreated":"2023-11-12T17:16:50.821Z","dateUpdated":"2023-11-12T17:16:51.833Z","folderId":null,"pageName":"Checkout Template","serverPageId":null,"sectionCount":1,"status":2,"backwardUrl":null},{"id":38825881,"title":"Login Template","order":7,"templateKey":"login","customTemplate":false,"customTemplateFilename":null,"pageLinks":[],"dateCreated":"2023-11-12T17:16:51.148Z","dateUpdated":"2023-11-12T17:16:51.833Z","folderId":null,"pageName":"Login Template","serverPageId":null,"sectionCount":1,"status":2,"backwardUrl":null},{"id":187335875,"title":"Page Password Template","order":8,"templateKey":"password","customTemplate":false,"customTemplateFilename":null,"pageLinks":[],"dateCreated":"2023-11-12T17:16:51.246Z","dateUpdated":"2023-11-12T17:16:51.833Z","folderId":null,"pageName":"Page Password Template","serverPageId":null,"sectionCount":1,"status":2,"backwardUrl":null},{"id":133910725,"title":"404 Not Found Template","order":9,"templateKey":"404","customTemplate":false,"customTemplateFilename":null,"pageLinks":[],"dateCreated":"2023-11-12T17:16:51.322Z","dateUpdated":"2023-11-12T17:16:51.833Z","folderId":null,"pageName":"404 Not Found Template","serverPageId":null,"sectionCount":1,"status":2,"backwardUrl":null},{"id":54612759,"title":"Thank You Page Template","order":10,"templateKey":"ThankYou","customTemplate":false,"customTemplateFilename":null,"pageLinks":[],"dateCreated":"2023-11-12T17:16:51.386Z","dateUpdated":"2023-11-12T17:16:51.834Z","folderId":null,"pageName":"Thank You Page Template","serverPageId":null,"sectionCount":1,"status":2,"backwardUrl":null},{"id":51316230,"title":"Home","order":50,"templateKey":null,"customTemplate":false,"customTemplateFilename":null,"pageLinks":[],"dateCreated":"2023-11-12T17:17:34.384Z","dateUpdated":"2024-01-09T17:47:26.366Z","folderId":null,"pageName":"Home_51316230","serverPageId":null,"sectionCount":3,"status":2,"backwardUrl":null},{"id":234243553,"title":"Nahradni-plneni","order":75,"templateKey":null,"customTemplate":false,"customTemplateFilename":null,"pageLinks":[],"dateCreated":"2023-11-12T17:17:34.384Z","dateUpdated":"2024-01-09T17:35:58.605Z","folderId":null,"pageName":"Nahradni-plneni_234243553","serverPageId":null,"sectionCount":1,"status":2,"backwardUrl":null},{"id":1528219302,"title":"TISK","order":87.5,"templateKey":null,"customTemplate":false,"customTemplateFilename":null,"pageLinks":[],"dateCreated":"2023-11-12T17:17:34.384Z","dateUpdated":"2024-01-09T17:24:15.399Z","folderId":null,"pageName":"TISK_1528219302","serverPageId":null,"sectionCount":1,"status":2,"backwardUrl":null},{"id":604411805,"title":"kompletace a balení","order":93.75,"templateKey":null,"customTemplate":false,"customTemplateFilename":null,"pageLinks":[],"dateCreated":"2023-11-12T17:17:34.384Z","dateUpdated":"2024-01-09T17:36:20.630Z","folderId":null,"pageName":"kompletace a balení_604411805","serverPageId":null,"sectionCount":1,"status":2,"backwardUrl":null},{"id":790510520,"title":"Knihařské dokončení","order":81.25,"templateKey":null,"customTemplate":false,"customTemplateFilename":null,"pageLinks":[],"dateCreated":"2023-11-12T17:17:34.384Z","dateUpdated":"2024-01-09T17:36:09.808Z","folderId":null,"pageName":"Knihařské dokončení_790510520","serverPageId":null,"sectionCount":1,"status":2,"backwardUrl":null}]